공고명,링크,자격요건
합격보상금 100만원,https://www.wanted.co.kr/wd/307920,"기계/항공/로보틱스/재료공학 전공 학사 이상
드론, 로봇, 소형 전자기기 기구설계 경력 5년 이상
CAD/CAE 툴 숙련 (SolidWorks, CATIA, AutoDesk Inventor 등)
기구 설계 양산 전환 경험 보유자
경량화/내구성/공력 최적화 설계 경험
제조 협력사(사출, 가공, 3D프린팅 등) 커뮤니케이션 경험
상세 정보 더 보기
태그
50명이하
설립3년이하
건강검진지원
커피·스낵바
유망산업
스톡옵션
의료비지원
AI 선도 기업
유연근무
마감일
상시채용
근무지역
서울 강남구 봉은사로 435, 1층 102호(삼성동, 한국통신사업자연합회빌딩)
미러
IT, 컨텐츠
팔로우"
합격보상금 100만원,https://www.wanted.co.kr/wd/337180,"∙ 경력: 신입~3년
∙ 근무지: 대구지사 (대구광역시 북구 노원로 77)
※필수: 운전면허 소지자 (운전 가능자)
상세 정보 더 보기
태그
식대지원
유망산업
50명이하
설립4~9년
커피·스낵바
리프레시휴가
유급휴가
자유로운휴가
보너스
인원 급성장
워크샵
스톡옵션
연봉상위11~20%
적극 채용 중
AI 선도 기업
누적투자100억이상
대규모 채용 중
마감일
상시채용
근무지역
서울시 강남구 역삼로 542 4층 빅웨이브로보틱스
빅웨이브로보틱스
IT, 컨텐츠
팔로우"
합격보상금 100만원,https://www.wanted.co.kr/wd/337933,"• 마스오토가 만들고자 하는 것에 대한 이해가 있으신 분
• 전장/로보틱스/자동차 등 하드웨어 시스템에 대한 실무 경험 또는 관심
• 기본적인 하드웨어 및 소프트웨어 툴에 대한 이해
• 고객사와의 커뮤니케이션, 엔지니어와의 협업에 능숙한 분
• 빠르게 변화하는 환경에서 자율적으로 문제를 해결하고 실행하는 역량
• 스타트업 문화, 기술 중심 조직, 반복적 시도와 빠른 성장에 대한 이해와 열정
• 장기간 해외 출장이 가능한 분
• 운전 가능자
상세 정보 더 보기
태그
식대지원
50명이하
설립4~9년
연봉상위6~10%
인원 급성장
스톡옵션
AI 선도 기업
누적투자100억이상
유리한 지원 경쟁률
마감일
상시채용
근무지역
서울 강남구 역삼로17길 16
마스오토
IT, 컨텐츠
팔로우"
합격보상금 100만원,https://www.wanted.co.kr/wd/334855,"• 학력: 무관
• 경력: 무관
• 해외여행에 결격사유가 없는자
• Robot / Mechanical Engineering 에 대한 전반적인 이해
• 정밀 기구 설계 경험
• Solidworks, NX 등 설계 Tool 경험
• 3D 설계 경험
상세 정보 더 보기
태그
유망산업
커피·스낵바
편의시설
자기계발지원
건강검진지원
사내동호회
50명이하
설립4~9년
인원 급성장
연봉상위11~20%
AI 선도 기업
누적투자100억이상
퓨처플레이 투자기업
마감일
상시채용
근무지역
서울특별시 종로구 대학로 60 동마루빌딩 2층
메디인테크
제조
팔로우"
합격보상금 100만원,https://www.wanted.co.kr/wd/328624,"• 로봇공학, 제어공학, 메카트로닉스 석사 이상
• C/C++, ROS2, RTOS 실시간 제어 구현 경험
• 고자유도 로봇 제어 및 센서 융합 경험
상세 정보 더 보기
태그
50명이하
설립3년이하
인원 급성장
연봉상위6~10%
퇴사율5%이하
보너스
건강검진지원
자유로운휴가
누적투자100억이상
적극 채용 중
마감일
상시채용
근무지역
경기 용인시 수지구 광교중앙로 338, A동 616호
위로보틱스
제조
팔로우"
합격보상금 100만원,https://www.wanted.co.kr/wd/323983,"아래 조건을 충족하시는 분을 찾고 있습니다.

• 학력: 초대졸 이상 (기계·전기전자·산업공학 등 관련 전공)
• 경력: 10년 미만
• 새로운 분야에 대한 학습 속도가 빠르고 문제를 유연하게 접근할 수 있는 실용적 사고 능력
상세 정보 더 보기
태그
출산휴가
자기계발지원
편의시설
육아휴직
보너스
50명이하
설립4~9년
인원 급성장
스톡옵션
연봉상위11~20%
누적투자100억이상
커피·스낵바
유연근무
마감일
상시채용
근무지역
서울 종로구 대학로 57, 14, 15층
엔도로보틱스
제조
팔로우"
합격보상금 100만원,https://www.wanted.co.kr/wd/237190,"• 공사 경험있으신 분
• AutoCAD 활용가능하신 분
상세 정보 더 보기
기술 스택 • 툴
AutoCAD
태그
유망산업
커피·스낵바
장비지원
50명이하
설립3년이하
보너스
마감일
상시채용
근무지역
시공지
네토그린
IT, 컨텐츠
팔로우"
합격보상금 100만원,https://www.wanted.co.kr/wd/338791,"∙ 경력: 3~5년
∙ 신입 지원가능
※필수: 운전면허 소지자 (운전 가능자)
상세 정보 더 보기
태그
식대지원
유망산업
50명이하
설립4~9년
커피·스낵바
리프레시휴가
유급휴가
자유로운휴가
보너스
인원 급성장
워크샵
스톡옵션
연봉상위11~20%
적극 채용 중
AI 선도 기업
누적투자100억이상
대규모 채용 중
유리한 지원 경쟁률
마감일
상시채용
근무지역
서울시 강남구 역삼로 542 4층 빅웨이브로보틱스
빅웨이브로보틱스
IT, 컨텐츠
팔로우"
합격보상금 100만원,https://www.wanted.co.kr/wd/336105,"• 기구설계 및 자동화 기계설계 관련 분야 실무 경력 3년 이상
• 3D CAD (SolidWorks, Inventor, Catia 등) 및 2D 도면 활용
• 모터, 감속기, 센서 등 구동계 부품 선정 및 제어 메커니즘에 대한 깊은 이해를 보유하신 분
• 다양한 가공 공법(CNC, 사출, 판금, 다이캐스팅)에 대한 이해와 감리 경험이 풍부하신 분
상세 정보 더 보기
태그
커피·스낵바
자기계발지원
건강검진지원
유망산업
50명이하
설립4~9년
스톡옵션
연봉 업계평균이상
인원 급성장
AI 선도 기업
누적투자100억이상
자유로운휴가
퓨처플레이 투자기업
유연근무
마감일
상시채용
근무지역
서울특별시 성동구 성수일로10길 12, 성수CF타워 7층
엑스와이지
IT, 컨텐츠
팔로우"
합격보상금 100만원,https://www.wanted.co.kr/wd/292180,"• 유관 경력 5년차 이상 (박사 졸업 예정자 지원 가능)
• 컴퓨터비젼, 로보틱스, 또는 기계학습과 관련된 전공의 석사/박사 학위 이상 혹은 동등한 경력
• 컴퓨터비젼 및 기계학습에 대한 이론 및 실무 지식
• 뛰어난 프로그래밍 기술(C/C++, Python 등)
상세 정보 더 보기
태그
유망산업
식대지원
건강검진지원
커피·스낵바
장비지원
자기계발지원
301~1,000명
설립4~9년
연봉상위2~5%
인원 급성장
원티드 픽
적극 채용 중
AI 선도 기업
누적투자100억이상
모빌리티산업
대규모 채용 중
보너스
대출지원
마감일
상시채용
근무지역
경기 성남시 수정구 창업로40번길 20, A동 42dot
포티투닷(42dot)
IT, 컨텐츠
팔로우"
합격보상금 100만원,https://www.wanted.co.kr/wd/263710,"• 기구/기계의 설계 및 제작 경험이 있으신 분
• BOM 작성 경험이 있으신 분
• 3D 설계 툴 사용하시는 분
• OEM 양산 경험이 있으신 분
상세 정보 더 보기
태그
유망산업
커피·스낵바
장비지원
50명이하
설립3년이하
보너스
마감일
상시채용
근무지역
경기 화성시 동탄첨단산업1로 14
네토그린
IT, 컨텐츠
팔로우"
합격보상금 100만원,https://www.wanted.co.kr/wd/340380,"• 학력 : 4년제 대학 학사 이상
• 전공 : 기계, 전기/전자, 통신 등 로봇, 메카트로닉스, 기구개발 관련 분야 전공자
• 경력 : 관련 분야 5년이상의 경력
• 다양한 로보틱스 관련 프로젝트 진행 이력 보유자
• SolidWorks, NX 등 3D CAD 툴 사용이 가능한 분
• 다양한 기구요소의 메커니즘을 이해하고 설계에 적용이 가능한 분
• 실제 상용화 로봇 및 자동화 분야에 관심이 많으며, Robot/Mechatronics 설계 전반에 대한 이해를 바탕으로 효율적인 로봇 개발과 트러블 슈팅이 가능하신 분
• 매우 높은 수준의 문제 해결 역량 : 경험에서 나오는 직관과 높은 지능, 전략적 사고 능력을 바탕으로 문제를 정의하고, 올바른 방향의 가설 수립 후, Agile한 실행 통해 솔루션을 개발/검증 가능한 역량을 갖춘 분
상세 정보 더 보기
태그
50명이하
설립3년이하
인원 급성장
연봉 업계평균이상
장비지원
커피·스낵바
누적투자100억이상
유망산업
스톡옵션
유리한 지원 경쟁률
마감일
상시채용
근무지역
서울 강남구 봉은사로 230, 봉암빌딩 3층, 비욘드허니컴
비욘드허니컴
IT, 컨텐츠
팔로우"
합격보상금 100만원,https://www.wanted.co.kr/wd/339285,"• 학력 : 학사 이상
• 경력 : 8년 이상
• 독립적인 설계 수행 능력
• 리스크 사전 인지 및 설계적 대응 능력
• 유관 부서(RA/QA/개발)와의 원활한 소통 능력
• 기계/메카트로닉스/기계설계, 전기/전자공학 전공
• 기계, 재료, 금속, 금형 등 관련 지식 보유자
• SolidWorks 및 3D CAD Tool 숙련자
• 개발 포트폴리오 제출 필수
상세 정보 더 보기
기술 스택 • 툴
Solidworks
태그
건강검진지원
사내동호회
자유로운휴가
커피·스낵바
자기계발지원
51~300명
인원 급성장
설립10년이상
연봉상위6~10%
복지포인트
누적투자100억이상
AI 선도 기업
유리한 지원 경쟁률
마감일
상시채용
근무지역
경기 성남시 분당구 황새울로258번길 37, 9층
씨어스테크놀로지
IT, 컨텐츠
팔로우"
합격보상금 100만원,https://www.wanted.co.kr/wd/336648,"∙ 경력 : 5년이상 ~ 10년 이하
∙ 2D, 3D 설계 가능자 (CAD, Solidworks 등)
∙ 운전 가능자(면허 필수)
∙ 국외/국내 출장 가능자
∙ 우수한 커뮤니케이션 보유자
상세 정보 더 보기
태그
식대지원
유망산업
50명이하
설립4~9년
커피·스낵바
리프레시휴가
유급휴가
자유로운휴가
보너스
인원 급성장
워크샵
스톡옵션
연봉상위11~20%
적극 채용 중
AI 선도 기업
누적투자100억이상
대규모 채용 중
마감일
상시채용
근무지역
서울시 강남구 역삼로 542 4층 빅웨이브로보틱스
빅웨이브로보틱스
IT, 컨텐츠
팔로우"
합격보상금 100만원,https://www.wanted.co.kr/wd/333549,"• 학사 졸업 후 개발 경력 4년 이상
• 관련 분야 대리급 이상
• 해외 출장에 결격 사유가 없는 분
상세 정보 더 보기
태그
유망산업
건강검진지원
휴가비
커피·스낵바
50명이하
설립3년이하
편의시설
자기계발지원
자율복장
유급휴가
인원 급성장
연봉상위11~20%
AI 선도 기업
보너스
누적투자100억이상
마감일
상시채용
근무지역
경기 군포시 공단로 117, 1층
클레로보틱스
전문, 과학기술
팔로우"
합격보상금 100만원,https://www.wanted.co.kr/wd/322345,"• 해외 여행에 있어 결격 사유가 없으신 분
• 새로운 것을 배우는데 거리낌이 없으신 분
• 리뷰 및 피드백에 거부감 없으신 분
상세 정보 더 보기
태그
보너스
커피·스낵바
건강검진지원
자기계발지원
마감일
상시채용
근무지역
서울 영등포구 선유서로31길 3, (주)미켈로로보틱스
미켈로로보틱스
IT, 컨텐츠
팔로우"
합격보상금 100만원,https://www.wanted.co.kr/wd/328591,"• 로봇, 컴퓨터공학, 인공지능 등 관련 전공 학사 이상 또는 이에 준하는 경력 보유
• 5년 이상의 모션플래너 개발 혹은 소프트웨어 엔지니어링 및 C/C++ 업무 경험
• 업무에 몰입하여 팀의 목표에 기여하는 성과를 창출하며 동시에 개인의 성장을 도모할 수 있는 역량 보유
• 동료들과의 원활한 커뮤니케이션 역량 보유
상세 정보 더 보기
태그
복지포인트
보너스
단체보험
어린이돌봄
장비지원
커피·스낵바
대출지원
연봉상위2~5%
1,001~10,000명
설립10년이상
워크샵
적극 채용 중
AI 선도 기업
누적투자100억이상
대기업
대규모 채용 중
유망산업
마감일
상시채용
근무지역
서울시 송파구 위례성대로2 장은빌딩
우아한형제들(배달의민족)
IT, 컨텐츠
팔로우"
합격보상금 100만원,https://www.wanted.co.kr/wd/343486,"• 학력: 고등학교 졸업 이상, 초대졸 우대
• 경력: 신입가능 / 무관 (단, 자동화 설비 또는 전기/기계 정비 경험자 우대)
• 기계/전기 관련 전공자 혹은 기초 지식이 있는 분
• 현장 설치 및 수리 업무에 흥미가 있는 분
• 몸을 쓰는 기술 업무에 익숙하거나 관심 있는 분
• 고객 응대가 가능하고, 친절하게 설명하는 것을 좋아하는 분
• 현장 대응력과 문제 해결력에 자신 있는 분
• 운전 가능하신 분
상세 정보 더 보기
태그
커피·스낵바
자기계발지원
유망산업
유급휴가
50명이하
설립4~9년
인원 급성장
건강검진지원
연봉 업계평균이상
누적투자100억이상
마감일
상시채용
근무지역
서울 성동구 상원1길 22 굿타워
에니아이(Aniai)
전문, 과학기술
팔로우"
합격보상금 100만원,https://www.wanted.co.kr/wd/234469,"다음 조건을 만족하시는 분을 찾고 있습니다.

• 4년제 대학 졸업 이상(기계공학 또는 유관 전공)
• 다음 분야 중 하나 이상의 설계 경험
모터 기반 동작 메커니즘 설계 / 소형 정밀 기구 설계 / 의료기기 기구 설계 / 로봇 메커니즘 설계
• 복잡한 문제를 논리적으로 해결할 수 있는 문제 해결 능력 보유자
• 새로운 기술과 분야를 빠르게 학습할 수 있는 학습 속도·적응력 보유자
• 유연한 사고와 협업 능력을 갖춘 분
상세 정보 더 보기
기술 스택 • 툴
설계
태그
출산휴가
자기계발지원
편의시설
육아휴직
보너스
50명이하
설립4~9년
인원 급성장
스톡옵션
연봉상위11~20%
누적투자100억이상
커피·스낵바
유연근무
마감일
상시채용
근무지역
서울 종로구 대학로 57, 14-15층
엔도로보틱스
제조
팔로우"
합격보상금 100만원,https://www.wanted.co.kr/wd/341497,"• 프로젝트를 리딩해 보신 경험이 있으신 분(경력 3년 ~ 10년)
• 플랫폼 및 서비스 개선에 대한 아이디어 도출 및 인사이트 활용 경험이 있으신 분
상세 정보 더 보기
태그
연봉상위11~20%
51~300명
설립3년이하
인원 급성장
대규모 채용 중
AI 선도 기업
누적투자100억이상
마감일
상시채용
근무지역
서울 서초구 서초대로73길 7, 3층
나비프라
IT, 컨텐츠
팔로우"
합격보상금 100만원,https://www.wanted.co.kr/wd/334859,"• 학력: 무관
• 전기·전자·기계·로봇공학 전반에 대한 이해
• 전자·기계 장비 조작 및 유지보수에 대한 기본 지식 보유자
• 해외 출장에 결격 사유가 없는 분
• 운전 가능자 (차량 제공)
상세 정보 더 보기
태그
유망산업
커피·스낵바
편의시설
자기계발지원
건강검진지원
사내동호회
50명이하
설립4~9년
인원 급성장
연봉상위11~20%
AI 선도 기업
누적투자100억이상
퓨처플레이 투자기업
마감일
상시채용
근무지역
서울특별시 종로구 대학로 60 동마루빌딩 2층
메디인테크
제조
팔로우"
합격보상금 100만원,https://www.wanted.co.kr/wd/322198,"• 기계ㆍ기구 설계 경력 10년 이상 (유관업무 경력만 인정)
• 총 부품 50~100여개 parts 개발 및 관리.운용 경험
• 양산 제품/부품 설계 및 제조/제작 프로세스 경험
• 3D CAD(UG/NX , Solidworks, CATIA, Pro-E/CREO 등)툴 활용 능숙
• 2D 도면 작성능력 (임가공, 금형부품도, 양산화 도면 등) 능숙
• 다양한 소재(금속, 플라스틱, 신소재 등) 및 제작/가공 방식에 대한 경험
• 설계 품질 검토 및 개선 고도화 경험
• 양산 이관 및 생산기술 문서 작성
• 제품생산, 양산 F/U
상세 정보 더 보기
태그
커피·스낵바
건강검진지원
자율복장
유망산업
편의시설
51~300명
설립4~9년
연봉상위2~5%
복지포인트
자유로운휴가
누적투자100억이상
마감일
상시채용
근무지역
서울시 송파구 정의로8길 9 AJ빌딩 본관 3층
니어스랩
IT, 컨텐츠
팔로우"
합격보상금 100만원,https://www.wanted.co.kr/wd/311938,"• Foreign applicants are welcome (must reside in Korea)
• Fluent in English recommended
• Bachelor’s, Master’s, or PhD in Mechatronics, Electrical, Mechanical, Aerospace, or related engineering discipline
• 5+ years of experience in cross-functional hardware development (mechanical, electrical, and embedded systems)
• Hands-on experience building custom drones, FPV rigs, VTOLs, or UAV subsystems
• Proficiency in Altium Designer and embedded C/C++ development
• Experience with CAD tools for mechanical design and integration
• Strong understanding of embedded systems, microcontrollers, sensors, actuators, and power systems
• Experience with flight controller platforms (e.g., PX4, Pixhawk) and common communication protocols (SPI, I2C, UART, CAN, Ethernet)
• Hands-on experience with prototyping, debugging, and testing integrated hardware systems

• 외국인 지원 가능 (단, 국내 거주 필수)
• 영어 비즈니스 회화 수준
• 전자/기계/항공/메카트로닉스 관련 전공 학사 이상
• 관련 경력 5년 이상 (전기·기계·임베디드 시스템 크로스 펑셔널 개발 경험)
• Altium Designer 및 임베디드 C/C++ 개발 숙련
• CAD 툴 기반 기계 설계 및 통합 경험
• 마이크로컨트롤러, 센서, 액추에이터, 전력 시스템 이해
• 플라이트 컨트롤러 플랫폼(PX4, Pixhawk 등) 및 SPI, I2C, UART, CAN, Ethernet 등 프로토콜 경험
• 프로토타이핑, 디버깅, 통합 하드웨어 시스템 테스트 경험
상세 정보 더 보기
태그
스톡옵션
AI 선도 기업
대규모 채용 중
누적투자100억이상
재택근무
마감일
상시채용
근무지역
서울 서초구 나루터로 59, 4층
카이트다이나믹스
전문, 과학기술
팔로우"
합격보상금 100만원,https://www.wanted.co.kr/wd/328567,"• 로봇, 제어, 기계, 컴퓨터공학 등 관련 전공 학사 이상 또는 이에 준하는 경력 보유
• 5년 이상의 로봇 제어 시스템 개발 혹은 소프트웨어 엔지니어링 및 C/C++ 업무 경험
• 선형 제어 이론 및 시스템 모델링에 대한 이해
• 업무에 몰입하여 팀의 목표에 기여하는 성과를 창출하며 동시에 개인의 성장을 도모할 수 있는 역량 보유
• 동료들과의 원활한 커뮤니케이션 역량 보유
상세 정보 더 보기
태그
복지포인트
보너스
단체보험
어린이돌봄
장비지원
커피·스낵바
대출지원
연봉상위2~5%
1,001~10,000명
설립10년이상
워크샵
적극 채용 중
AI 선도 기업
누적투자100억이상
대기업
대규모 채용 중
유망산업
마감일
상시채용
근무지역
서울시 송파구 위례성대로2 장은빌딩
우아한형제들(배달의민족)
IT, 컨텐츠
팔로우"
합격보상금 100만원,https://www.wanted.co.kr/wd/326645,"-Siemens Process Simulate 실무 경험 2년 이상
-산업용 로봇 프로그래밍 및 동작 원리에 대한 이해
-생산 공정 및 자동화 라인에 대한 기본 이해
상세 정보 더 보기
태그
식대지원
적극 채용 중
퓨처플레이 투자기업
마감일
상시채용
근무지역
서울 강남구 테헤란로26길 14, 4-103
로아이
IT, 컨텐츠
팔로우"
합격보상금 100만원,https://www.wanted.co.kr/wd/256489,"[ 이런 분과 함께 하고 싶어요! ]

· 로봇공학, 기계공학 또는 유관 전공 학사 학위 이상 소지자(졸업예정자 지원 가능)
· SolidWorks 또는 유사한 3D CAD 툴 사용 가능자
· 협업 및 커뮤니케이션 능력
· 새로운 도전을 즐기고, 조직 문화를 함께 만들어 갈 분
· 스스로 동기부여를 잘하시는 분
상세 정보 더 보기
태그
커피·스낵바
유망산업
50명이하
설립3년이하
인원 급성장
퇴사율5%이하
유급휴가
자유로운휴가
건강검진지원
아기 유니콘
식대지원
마감일
상시채용
근무지역
인천광역시 연수구 송도과학로16번길 13-39, 12층
에이블랩스
제조
팔로우"
합격보상금 100만원,https://www.wanted.co.kr/wd/293259,"• 6년이상 12년 이하의 설계 또는 개발 및 양산 업무 경력
• 3D CAD 툴(Solidworks)을 사용하여 아이디어를 시각화 하고 구현 가능하신 분
• 금속 가공, 판금, 금형 등 다양한 제조 방식에 대한 이해 및 경험 있으신 분
• 전반적인 개발, 평가, 양산 프로세스 대한 이해 및 경험이 있으신 분
상세 정보 더 보기
태그
장비지원
자기계발지원
커피·스낵바
휴가비
51~300명
설립4~9년
유망산업
인원 급성장
연봉상위11~20%
AI 선도 기업
누적투자100억이상
마감일
상시채용
근무지역
왕십리로 115, 2층
뉴빌리티
제조
팔로우"
합격보상금 100만원,https://www.wanted.co.kr/wd/342425,"• 기계공학, 메카트로닉스 등 관련 전공 학사 이상, 기구설계 실무 3년 이상
• 정밀기구 구동부 활용 및 메커니즘 설계 수행 경험
• 3D/2D CAD 및 도면 작성 가능
• 로봇 구동부 메커니즘에 대한 이해 및 기본적인 구조 설계 역량
• 구조해석에 대한 기본적인 이해를 바탕으로 설계 검증 및 개선 가능
상세 정보 더 보기
태그
자기계발지원
유망산업
보너스
커피·스낵바
50명이하
설립4~9년
연봉상위6~10%
인원 급성장
AI 선도 기업
누적투자100억이상
마감일
2026.03.10
근무지역
경기 성남시 분당구 성남대로331번길 8, 1702호
플라잎
IT, 컨텐츠
팔로우"
합격보상금 20만원,https://www.wanted.co.kr/wd/341631,"• 학력: 무관
• 경력: 무관
• 격주 토요일 09:00~12:00 근무 가능자
고용조건
• 계약직 1년
평가결과에 따라 계약 연장가능
상세 정보 더 보기
태그
의료비지원
장비지원
대출지원
51~300명
인원 급성장
설립10년이상
연봉 업계평균이상
마감일
2026.03.27
근무지역
서울 서초구 서초대로 344 KB빌딩 8층
티지에스(TGS)
기타 서비스업
팔로우"
합격보상금 100만원,https://www.wanted.co.kr/wd/341603,"ㆍ하드웨어 아키텍쳐 설계 및 회로 검증 경력 3년 이상
ㆍ전장 도면, BOM, 매뉴얼등 설계 문서 작성 및 관리 역량
ㆍ하드웨어 검증 및 안정성 확보 가능한 분
ㆍ출장 수행에 결격 사유가 없는 분
상세 정보 더 보기
태그
출산휴가
식대지원
자기계발지원
건강검진지원
보너스
사내동호회
육아휴직
연봉상위1%
51~300명
설립10년이상
원티드 픽
누적투자100억이상
마감일
2026.03.02
근무지역
인천광역시 연수구 하모니로 187번길 33
유진로봇
IT, 컨텐츠
팔로우"
합격보상금 100만원,https://www.wanted.co.kr/wd/340418,"＞경력: 산업 자동화, 시스템 통합(SI) 또는 관련 엔지니어링 프로젝트 실무 경험
＞기술 역량: PLC, SCADA, HMI 등 자동화 솔루션에 대한 기술적 이해 및 현장 적용 능력
＞비즈니스 마인드: 기술적 전문성을 바탕으로 잠재적 시장 기회를 포착하고 전략적으로 사고하는 능력
상세 정보 더 보기
태그
외국인 지원 가능
유리한 지원 경쟁률
마감일
상시채용
근무지역
서울 마포구 성산동 646-15
루나테크놀로지
기타 서비스업
팔로우"
합격보상금 100만원,https://www.wanted.co.kr/wd/330986,"• 로봇, 제어, 기계, 전기, 메카트로닉스, 인공지능 관련 전공 박사 학위 이상
• 관련 분야 경력 5년 이상 (박사 후 연구원, 기업 R&D 경력 포함)
• 로봇 동역학, 제어 이론에 대한 탄탄한 이해
• C/C++ 및 Matlab 기반 제어 알고리즘 구현 경험
• 실제 로봇 시스템을 대상으로 한 실험·검증 경험
상세 정보 더 보기
기술 스택 • 툴
MATLAB
태그
자기계발지원
유망산업
보너스
커피·스낵바
50명이하
설립4~9년
연봉상위6~10%
인원 급성장
AI 선도 기업
누적투자100억이상
마감일
2026.03.03
근무지역
경기 성남시 분당구 성남대로331번길 8, 1702호
플라잎
IT, 컨텐츠
팔로우"
합격보상금 100만원,https://www.wanted.co.kr/wd/338745,"• 5년 이상의 기계 설계 업무 경력
• 2D & 3D CAD 활용 능력 (AutoCAD, CATIA, SOLIDWORKS, etc.)
• 긍정적인 마인드 소유자
상세 정보 더 보기
태그
식대지원
커피·스낵바
보너스
출산휴가
50명이하
설립4~9년
퇴사율6~10%
자기계발지원
인원 급성장
건강검진지원
연봉상위6~10%
외국인 지원 가능
유리한 지원 경쟁률
마감일
2026.04.29
근무지역
인천광역시 연수구 송도과학로 32 송도테크노파크IT센터 M동1101호, 1601호
알티올
IT, 컨텐츠
팔로우"
합격보상금 100만원,https://www.wanted.co.kr/wd/268464,"• 유관 경력 4년 이상 보유자 (대리~차장급)
• 기계공학 학사 이상
• 기구설계 경력자
상세 정보 더 보기
태그
식대지원
건강검진지원
커피·스낵바
사내동호회
51~300명
설립10년이상
인원 급성장
연봉상위11~20%
자기계발지원
복지포인트
누적투자100억이상
유망산업
마감일
상시채용
근무지역
경기 성남시 분당구 판교로700
리브스메드
제조
팔로우"
합격보상금 100만원,https://www.wanted.co.kr/wd/279522,"• 유관 경력 4년 이상 보유자 (대리~차장급)
• 기계/산업/정밀기계공학 등 또는 유관 전공 학사 이상
• 조립 공정 또는 제품기술 업무에 대한 경험이 풍부한 자
• 문서화 역량 (공정 문서, 작업표준서, 개선 보고서 등) 보유자
• 문제 해결 중심의 업무 태도 및 개선 마인드 보유자
• 설계, 품질, 외주, 인허가 등 유관 부서와의 원활한 협업 역량 보유자
상세 정보 더 보기
태그
식대지원
건강검진지원
커피·스낵바
사내동호회
51~300명
설립10년이상
인원 급성장
연봉상위11~20%
자기계발지원
복지포인트
누적투자100억이상
유망산업
마감일
상시채용
근무지역
경기 성남시 분당구 판교로700
리브스메드
제조
팔로우"
합격보상금 100만원,https://www.wanted.co.kr/wd/295817,"• 기계/산업/정밀기계공학 또는 유관학과 전공자, 학사 이상
• 관련 경력 15년 이상 보유자 (차장~부장급)
• 의료기기, 협동 로봇, 정밀 조립 시스템 전체의 자동화 셀 주도적으로 구축한 경험자
• SolidWorks 등 3D CAD Tool 사용 가능자
• 공정 품질지표(FTY, OEE, DPMO 등) 기반 분석 경험
• 조립 공정 또는 제품기술 업무에 대한 이해 및 경험이 있는자
• 문서화 역량 보유자 (공정 문서, 작업표준서, 개선 보고서 등)
• 문제 해결 중심의 업무 태도 및 개선 마인드 보유자
• 설계, 품질, 외주, 인허가 등 유관 부서와의 원활한 협업 역량 보유자
상세 정보 더 보기
태그
식대지원
건강검진지원
커피·스낵바
사내동호회
51~300명
설립10년이상
인원 급성장
연봉상위11~20%
자기계발지원
복지포인트
누적투자100억이상
유망산업
마감일
상시채용
근무지역
경기 성남시 분당구 판교로700
리브스메드
제조
팔로우"
합격보상금 100만원,https://www.wanted.co.kr/wd/266275,"• 유관 경력 5~18년 보유자 (대리~차장급)
• 기계 공학 계열 전공자 학사 이상
• 의료기기, 자동차, 반도체 설비 설계 경험자
• 소형부품 조립 자동화 설계 경험자
• 검사 장비 및 인덱스 스테이지 자동화 설계 경험자
• 직교 및 액츄에이터 이용한 설계 경험자
• 제어(PLC)와 CO-WORK 가능한 자
• 2D, 3D Tool 사용 가능한 자
• 실제 제품 양산화 작업 경험을 보유한 자
상세 정보 더 보기
태그
식대지원
건강검진지원
커피·스낵바
사내동호회
51~300명
설립10년이상
인원 급성장
연봉상위11~20%
자기계발지원
복지포인트
누적투자100억이상
유망산업
마감일
상시채용
근무지역
경기 성남시 분당구 판교로700
리브스메드
제조
팔로우"
합격보상금 100만원,https://www.wanted.co.kr/wd/250103,"• 유관 경력 3년 이상 보유자 (대리~차장급)
• 로봇 관련 기구 메커니즘 설계 경험자
• 학사 이상
상세 정보 더 보기
태그
식대지원
건강검진지원
커피·스낵바
사내동호회
51~300명
설립10년이상
인원 급성장
연봉상위11~20%
자기계발지원
복지포인트
누적투자100억이상
유망산업
마감일
상시채용
근무지역
경기 성남시 분당구 판교로700
리브스메드
제조
팔로우"
합격보상금 100만원,https://www.wanted.co.kr/wd/303756,"• 유관 경력 2년 이상 보유자 (대리~차장급)
• 수술용 기구 / 내시경 관련 기구설계 경험자
• 학사 이상
상세 정보 더 보기
태그
식대지원
건강검진지원
커피·스낵바
사내동호회
51~300명
설립10년이상
인원 급성장
연봉상위11~20%
자기계발지원
복지포인트
누적투자100억이상
유망산업
마감일
상시채용
근무지역
경기 성남시 분당구 판교로700
리브스메드
제조
팔로우"
합격보상금 100만원,https://www.wanted.co.kr/wd/303757,"• 유관 경력 8년 이상 보유자 (과장~부장급)
• 외관 설계 경험자
• 학사 이상
상세 정보 더 보기
태그
식대지원
건강검진지원
커피·스낵바
사내동호회
51~300명
설립10년이상
인원 급성장
연봉상위11~20%
자기계발지원
복지포인트
누적투자100억이상
유망산업
유연근무
마감일
상시채용
근무지역
경기 성남시 분당구 판교로700
리브스메드
제조
팔로우"
합격보상금 100만원,https://www.wanted.co.kr/wd/334862,"• 학력: 무관
• 경력: 무관
• 해외여행에 결격사유가 없는자
• Robot / Mechanical Engineering 에 대한 전반적인 이해
• 정밀 기구 설계 경험
• Solidworks, NX 등 설계 Tool 경험
• 3D 설계 경험
• 차후 서울 본사 협력 근무, 순환 근무 협의 가능
상세 정보 더 보기
태그
유망산업
커피·스낵바
편의시설
자기계발지원
건강검진지원
사내동호회
50명이하
설립4~9년
인원 급성장
연봉상위11~20%
AI 선도 기업
누적투자100억이상
퓨처플레이 투자기업
마감일
상시채용
근무지역
경남 양산시 물금읍 금오로 20, 의생명창의연구동 3층
메디인테크
제조
팔로우"
합격보상금 100만원,https://www.wanted.co.kr/wd/334861,"• 학력: 무관
• 경력: 무관
• 전기·전자·기계·로봇공학 전반에 대한 이해
• 전자·기계 장비 조작 및 유지보수에 대한 기본 지식 보유자
• 해외 출장에 결격 사유가 없는 분
• 운전 가능자 (차량 제공)
상세 정보 더 보기
태그
유망산업
커피·스낵바
편의시설
자기계발지원
건강검진지원
사내동호회
50명이하
설립4~9년
인원 급성장
연봉상위11~20%
AI 선도 기업
누적투자100억이상
퓨처플레이 투자기업
마감일
상시채용
근무지역
서울특별시 종로구 대학로 60 동마루빌딩 2층
메디인테크
제조
팔로우"
합격보상금 100만원,https://www.wanted.co.kr/wd/334849,"• 학력: 무관
• 해외여행에 결격사유가 없는자
• Robot / Mechanical Engineering 에 대한 전반적인 이해
• 정밀 기구 설계 경험
• Solidworks, NX 등 설계 Tool 경험
• 3D 설계 경험
상세 정보 더 보기
태그
유망산업
커피·스낵바
편의시설
자기계발지원
건강검진지원
사내동호회
50명이하
설립4~9년
인원 급성장
연봉상위11~20%
AI 선도 기업
누적투자100억이상
퓨처플레이 투자기업
마감일
상시채용
근무지역
서울특별시 종로구 대학로 60 동마루빌딩 2층
메디인테크
제조
팔로우"
합격보상금 100만원,https://www.wanted.co.kr/wd/323383,"• 기계공학 또는 전기/전자 관련 전공자
• 모빌리티 하드웨어 프로젝트 기획 및 런칭 경험 3~5년
• 제품 개발 또는 R&D 분야에서 실무 경험
• 문제 해결 중심의 사고와 커뮤니케이션 역량
상세 정보 더 보기
기술 스택 • 툴
CAD
태그
커피·스낵바
사내동호회
식대지원
자유로운휴가
301~1,000명
설립4~9년
인원 급성장
연봉 업계평균이상
누적투자100억이상
보너스
유연근무
마감일
상시채용
근무지역
강남구 테헤란로4길 28, 12층
지바이크(gbike)
IT, 컨텐츠
팔로우"
합격보상금 100만원,https://www.wanted.co.kr/wd/333604,"• 학력 : 초대졸(2,3년) 이상
• 경력 : 5년 이상
• 모바일 액세서리 개발 유경험자
• 2D,3D 설계 프로그램 사용 가능자
상세 정보 더 보기
태그
50명이하
설립4~9년
연봉 업계평균이상
복지포인트
건강검진지원
커피·스낵바
육아휴직
사내동호회
출산휴가
유연근무
마감일
2026.02.28
근무지역
서울 송파구 송파대로 201, 서울 송파구 송파대로 201, 송파 테라타워2 A동 1322호
엑스플러스
제조
팔로우"
합격보상금 100만원,https://www.wanted.co.kr/wd/332770,"• 학사 이상 (전자공학, 전기공학, 컴퓨터공학 등 관련 전공)
• 뎁스카메라 또는 3D 비전 시스템 개발 경험 3년 이상
• 임베디드 시스템 회로 설계 경험
• C/C++ 기반 펌웨어 개발 능력
• 광학 센서 및 이미지 센서 제어 경험
• PCB 설계 툴 사용 경험 (Altium, OrCAD 등)
상세 정보 더 보기
태그
유망산업
커피·스낵바
복지포인트
50명이하
식대지원
건강검진지원
연봉상위6~10%
설립3년이하
인원 급성장
사내동호회
AI 선도 기업
누적투자100억이상
유연근무
마감일
상시채용
근무지역
서울 강남구 역삼로25길 23, 3층, 4층
코넥티브
전문, 과학기술
팔로우"
합격보상금 100만원,https://www.wanted.co.kr/wd/332755,"• 기계공학 또는 유관 전공 학사 이상
• 기계 설계 및 제품 엔지니어링에 대한 기본 이해
• 3D CAD 사용 경험 (Solidworks)
• 도면 해독 및 BOM 구조 이해 능력
• 제조/양산 환경에서의 엔지니어링 이슈 해결에 대한 관심과 학습 의지
상세 정보 더 보기
기술 스택 • 툴
Solidworks
태그
커피·스낵바
자기계발지원
유망산업
유급휴가
50명이하
설립4~9년
인원 급성장
건강검진지원
연봉 업계평균이상
누적투자100억이상
마감일
2026.04.05
근무지역
서울 성동구 상원1길 22 굿타워
에니아이(Aniai)
전문, 과학기술
팔로우"
합격보상금 100만원,https://www.wanted.co.kr/wd/260686,"• 경력 5년이상 10년이하
• 기계공학 및 전자공학
• 전장제품 다이캐스팅 및 프레스 하우징 설계 경험
• 통신용 단말기(텔레메틱스) 플라스틱사출 하우징 설계 경험
• 설치 구조물 판금 설계 경험
• 방수,방진 설계 경험
• 제품 양산 프로세스 경험있는 분
• 솔리드웍스 설게 가능한 분
• 운전 가능한 분
상세 정보 더 보기
기술 스택 • 툴
설계
Solid Works
Solidworks Simulation
태그
자기계발지원
커피·스낵바
편의시설
건강검진지원
보너스
식대지원
유망산업
51~300명
설립4~9년
인원 급성장
퇴사율6~10%
연봉상위11~20%
어린이돌봄
자유로운휴가
누적투자100억이상
마감일
상시채용
근무지역
성남시 분당구 판교로228번길 17 4층 긴트
긴트
전문, 과학기술
팔로우"
합격보상금 100만원,https://www.wanted.co.kr/wd/328612,"• 구조해석(FEA), 재질 선정, 공차 설계 경험
• 기계, 메카트로닉스, 로봇공학 등 관련 전공 학사 이상
• 3D CAD 활용 능숙
• 로봇 또는 정밀 메커니즘 설계 분야 10년 이상 경력
• DFM/DFA 및 양산 공정 설계 이해
상세 정보 더 보기
태그
50명이하
설립3년이하
인원 급성장
연봉상위6~10%
퇴사율5%이하
보너스
건강검진지원
자유로운휴가
누적투자100억이상
적극 채용 중
마감일
상시채용
근무지역
경기 용인시 수지구 광교중앙로 338, A동 616호
위로보틱스
제조
팔로우"
합격보상금 100만원,https://www.wanted.co.kr/wd/327330,"• 전기/전자/제어/로봇 공학 분야 학위를 보유하시거나 회로설계 및 아트웍 프로젝트를 해보신 분
• 로봇에서의 딥러닝/비전/멀티미디어 가속기/ AI chip 에 대한 경력을 쌓고자 하는 의지가 강한 분
상세 정보 더 보기
태그
자기계발지원
커피·스낵바
식대지원
유망산업
보너스
건강검진지원
50명이하
설립4~9년
리프레시휴가
장비지원
스톡옵션
연봉 업계평균이상
인원 급성장
누적투자100억이상
유연근무
마감일
상시채용
근무지역
용산구 청파로 74, 전자랜드 신관 408호
폴라리스쓰리디(Polaris3D)
제조
팔로우"
합격보상금 100만원,https://www.wanted.co.kr/wd/322365,"기계ㆍ기구 설계 경력 10년 이상 (유관업무 경력만 인정)
총 부품 50~100여개 parts 개발 및 관리.운용 경험
양산 제품/부품 설계 및 제조/제작 프로세스 경험
3D CAD(UG/NX , Solidworks, CATIA, Pro-E/CREO 등)툴 활용 능숙
2D 도면 작성능력 (임가공, 금형부품도, 양산화 도면 등) 능숙
다양한 소재(금속, 플라스틱, 신소재 등) 및 제작/가공 방식에 대한 경험
설계 품질 검토 및 개선 고도화 경험
양산 이관 및 생산기술 문서 작성
제품생산, 양산 F/U
상세 정보 더 보기
태그
커피·스낵바
건강검진지원
자율복장
유망산업
편의시설
51~300명
설립4~9년
연봉상위2~5%
복지포인트
자유로운휴가
누적투자100억이상
마감일
상시채용
근무지역
서울시 송파구 정의로8길 9 AJ빌딩 본관 3층
니어스랩
IT, 컨텐츠
팔로우"
합격보상금 100만원,https://www.wanted.co.kr/wd/288773,"· 물리학, 광학, 전산 이미징 또는 신호처리 분야의 대학원 학위 또는 입증된 전문 지식
· MATLAB을 사용한 알고리즘 개발 능력
· 관련 분야에서의 성공적인 연구 프로젝트 실적
상세 정보 더 보기
기술 스택 • 툴
MATLAB
CUDA
태그
자유로운휴가
편의시설
커피·스낵바
보너스
식대지원
유급휴가
유망산업
51~300명
설립4~9년
연봉상위11~20%
인원 급성장
자기계발지원
누적투자100억이상
건강검진지원
휴가비
병역특례
마감일
상시채용
근무지역
대전 유성구 죽동로 141, 2층
토모큐브
전문, 과학기술
팔로우"
합격보상금 100만원,https://www.wanted.co.kr/wd/318611,"• 학력 : 대졸이상(설계, 기계과 졸업자 우대)
• 경력 : 신입(관련기업 인턴경험)
상세 정보 더 보기
태그
자율복장
해외연수
출산휴가
보너스
육아휴직
IBK창공 투자기업
마감일
상시채용
근무지역
서울 금천구 디지털로 178, 가산퍼블릭 B동 801호
라이트하우스
전문, 과학기술
팔로우"
합격보상금 100만원,https://www.wanted.co.kr/wd/318071,"• TH/SMT 솔더링, PCB 리워크, Wire Harnesses 제작 숙련
• 전기전자공학, 물리학 또는 관련 전공 학사 이상
• 아날로그 및 혼합신호 하드웨어 설계·디버깅 경력 3년 이상
• PCB CAD 툴(Altium, KiCad 등) 숙련
• Op-Amp, 필터, 신호 컨디셔닝, 전원 관리 회로 설계에 대한 이해
• 오실로스코프, 멀티미터, 신호발생기 등을 이용한 보드 단위 검증 경험
• ADC/DAC 아키텍처 및 데이터 수집 하드웨어에 대한 이해
• 랩 및 프로토타입 환경에서의 실무 능력
• 보호 장비 착용 후25kg 장비 운반 가능
• 영어로 업무 및 전문적인 의사소통 가능
상세 정보 더 보기
기술 스택 • 툴
MATLAB
Python
Altium
태그
스톡옵션
마감일
상시채용
근무지역
서울 강서구 마곡중앙8로7길 57, 6층
오에이큐
전문, 과학기술
팔로우"
합격보상금 100만원,https://www.wanted.co.kr/wd/315202,"* 기구설계 경력 5년 이상인 분
* 포트폴리오를 PDF와 URL 로 제출해주세요.
(포트폴리오는 각 프로젝트 별 본인의 기여도와 함께 작성 후 PDF 형식으로 제출해주세요)
• 로봇 공학, 기계 공학 관련 학사 이상
• Solidworks, AutoCad 사용 경험이 있으신 분
• 사출/다이캐스팅 제품설계 경력자 혹은 이해도가 있으신 분
• 운전에 능숙하신 분
• 근무지 : 서울
• 시용기간: 3개월
시용조건: 서울 근무자의 경우, 시용기간 3개월 온보딩 기간 동안 포항 R&D센터에서 근무
상세 정보 더 보기
태그
자기계발지원
커피·스낵바
식대지원
유망산업
보너스
건강검진지원
50명이하
설립4~9년
리프레시휴가
장비지원
스톡옵션
연봉 업계평균이상
인원 급성장
누적투자100억이상
마감일
상시채용
근무지역
서울특별시 용산구 청파로 74 전자랜드 신관 408호
폴라리스쓰리디(Polaris3D)
제조
팔로우"
합격보상금 100만원,https://www.wanted.co.kr/wd/310499,"• 로봇 및 기계 설계 분야에서 3년 이상의 제품 설계 경험자
• 로봇 및 로봇용 부품 개발 경험자
• 동력전달 메커니즘 설계 경험자
• SolidWorks 또는 Fusion360 활용 능력 보유자
상세 정보 더 보기
태그
유망산업
50명이하
설립4~9년
연봉 업계평균이상
건강검진지원
편의시설
커피·스낵바
스톡옵션
식대지원
마감일
상시채용
근무지역
서울특별시 송파구 석촌호수로 18길 11-5
와트(watt)
전문, 과학기술
팔로우"
합격보상금 100만원,https://www.wanted.co.kr/wd/307635,"• 해당 직무 경험 5년 이상
• 공조 시스템 개발 경험
• 해외출장 가능
상세 정보 더 보기
태그
식대지원
커피·스낵바
마감일
상시채용
근무지역
경기 부천시 오정구 석천로 397, 202동 706호
클레네어
제조
팔로우"
합격보상금 100만원,https://www.wanted.co.kr/wd/300816,"• 전자공학, 로봇공학 등 관련 분야 학사 이상 학위를 소유하신 분
• 전자 회로 설계 (Analog/Digital) 및 PCB Artwork 실무 경험이 있으신 분
• STM 기반 MCU 회로 및 펌웨어 개발 경험이 있으신 분
• 제품 및 전장 시스템 설계 개발 경험이 있으신 분
• 해외 여행 결격사유가 없으신 분
상세 정보 더 보기
기술 스택 • 툴
아날로그
CAN
SPI
I2C
PADS
태그
유망산업
워크샵
자기계발지원
AI 선도 기업
누적투자100억이상
마감일
상시채용
근무지역
경기 안산시 상록구 한양대학로 55, 4층 405호(사동, 창업보육센터)
에이로봇
전문, 과학기술
팔로우"
합격보상금 100만원,https://www.wanted.co.kr/wd/292183,"• Bachelor’s or Master’s degree in Computer Science, Engineering, or a related field.
• Proficient in ROS/ROS2 or equivalent middleware frameworks used in automotive or robotics software for MPU/MCU architectures.
• Experience developing middleware and building abstraction layers using libraries and tools for auto code generation, test automation, and fault injection.
• Strong programming skills in C/C++ and familiarity with at least one scripting language (for example Python, Bash, Lua)
• Comprehensive understanding of the software development lifecycle from requirements gathering to implementation and long-term maintenance.
• Effective team player with excellent communication skills, capable of driving cross-functional collaboration in a fast-paced and multi-national environment.
• Passionate about transforming ideas from the R&D stage into production-ready products.
상세 정보 더 보기
태그
유망산업
식대지원
건강검진지원
커피·스낵바
장비지원
자기계발지원
301~1,000명
설립4~9년
연봉상위2~5%
인원 급성장
원티드 픽
적극 채용 중
AI 선도 기업
누적투자100억이상
모빌리티산업
대규모 채용 중
보너스
대출지원
마감일
상시채용
근무지역
경기 성남시 수정구 창업로40번길 20, A동 42dot
포티투닷(42dot)
IT, 컨텐츠
팔로우"
합격보상금 100만원,https://www.wanted.co.kr/wd/292182,"• Bachelor’s or Master’s degree in Computer Science, Engineering, or a related field.
• Proficient in ROS/ROS2 or equivalent middleware frameworks used in automotive or robotics software for MPU/MCU architectures.
• Experience developing middleware and building abstraction layers using libraries and tools for auto code generation, test automation, and fault injection.
• Strong programming skills in C/C++ and familiarity with at least one scripting language (for example Python, Bash, Lua)
• Comprehensive understanding of the software development lifecycle from requirements gathering to implementation and long-term maintenance.
• Effective team player with excellent communication skills, capable of driving cross-functional collaboration in a fast-paced and multi-national environment.
• Passionate about transforming ideas from the R&D stage into production-ready products.
상세 정보 더 보기
태그
유망산업
식대지원
건강검진지원
커피·스낵바
장비지원
자기계발지원
301~1,000명
설립4~9년
연봉상위2~5%
인원 급성장
원티드 픽
적극 채용 중
AI 선도 기업
누적투자100억이상
모빌리티산업
대규모 채용 중
보너스
대출지원
마감일
상시채용
근무지역
경기 성남시 수정구 창업로40번길 20, A동 42dot
포티투닷(42dot)
IT, 컨텐츠
팔로우"
합격보상금 100만원,https://www.wanted.co.kr/wd/292175,"• 로봇공학, 전기공학, 기계공학, 컴퓨터과학 또는 관련 분야의 학사/석사 학위 보유자
• 5년 이상의 제어 시스템 설계 경험, 특히 자율주행 차량 또는 유사한 분야에서의 경험
• 강인한 제어 (Robust Control), 차량 동역학, 시스템 엔지니어링에 대한 강한 전문성과 실무 경험
• 시스템 간섭 관찰, 시스템 식별 및 칼만 필터, 입자 필터와 같은 상태 추정 기술에 대한 실무 경험
• 하위 수준 제어 시스템에서 액추에이터 제어에 대한 입증된 경험
• C++, Python 또는 동등한 프로그래밍 언어에 대한 숙련도
• 실시간 제어 시스템에서 안전 중요 환경에 대한 작업 경험
상세 정보 더 보기
태그
유망산업
식대지원
건강검진지원
커피·스낵바
장비지원
자기계발지원
301~1,000명
설립4~9년
연봉상위2~5%
인원 급성장
원티드 픽
적극 채용 중
AI 선도 기업
누적투자100억이상
모빌리티산업
대규모 채용 중
보너스
대출지원
마감일
상시채용
근무지역
경기 성남시 수정구 창업로40번길 20, A동 42dot
포티투닷(42dot)
IT, 컨텐츠
팔로우"
합격보상금 100만원,https://www.wanted.co.kr/wd/343485,"• 학력: 4년제 대졸 이상 (기계/전기/전자공학, 산업공학, IT 전공 우대)
• 경력: 3년 이상 (단, 자동화 설비 또는 전기/기계 정비 경험자 우대)
• 기계/전기 관련 전공자 혹은 기초 지식이 있는 분
• 현장 설치 및 수리 업무에 흥미가 있는 분
• 몸을 쓰는 기술 업무에 익숙하거나 관심 있는 분
• 고객 응대가 가능하고, 친절하게 설명하는 것을 좋아하는 분
• 현장 대응력과 문제 해결력에 자신 있는 분
• 운전 가능하신 분
상세 정보 더 보기
태그
커피·스낵바
자기계발지원
유망산업
유급휴가
50명이하
설립4~9년
인원 급성장
건강검진지원
연봉 업계평균이상
누적투자100억이상
마감일
상시채용
근무지역
서울 성동구 상원1길 22 굿타워
에니아이(Aniai)
전문, 과학기술
팔로우"
합격보상금 100만원,https://www.wanted.co.kr/wd/342216,"• 학력 무관 (고등학교 졸업 이상)
• 기구 설계 도면 해석 능력 보유
• 2D/3D CAD 프로그램 능숙자 (SolidWorks, AutoCAD, CATIA 등)
• 도면 작성 규칙 이해
• 제조 공정(가공, 용접, 판금, 사출 등)에 대한 기초 이해
상세 정보 더 보기
태그
자기계발지원
커피·스낵바
식대지원
유망산업
보너스
건강검진지원
50명이하
설립4~9년
리프레시휴가
장비지원
스톡옵션
연봉 업계평균이상
인원 급성장
누적투자100억이상
마감일
상시채용
근무지역
경북 포항시 남구 시청로 18, 3~5층
폴라리스쓰리디(Polaris3D)
제조
팔로우"
합격보상금 100만원,https://www.wanted.co.kr/wd/340117,"• 경력 : 10 ~ 15년 경력자
• 팀 리더(Lead) 역할 수행 경험 보유자
• 의사결정 능력 : 프로젝트 전 과정(수주-견적-시공-정산)을 리딩하며 책임 있는 의사결정을 내려본 분
• 전략적 안목 : 연출의 퀄리티와 회사의 수익 사이에서 최적의 균형점을 찾아낼 줄 아는 분
• 전문성 : 공간의 결을 읽는 연출 감각과 시장 단가 및 공법을 꿰뚫는 통찰력을 겸비하신 분
• 리더쉽 : 다양한 이해관계자 사이에서 협상을 주도하고 팀워크를 이끌어내는 리더십 소유자
상세 정보 더 보기
태그
보너스
자유로운휴가
식대지원
51~300명
설립4~9년
인원 급성장
연봉상위11~20%
커피·스낵바
편의시설
워크샵
적극 채용 중
누적투자100억이상
대규모 채용 중
건강검진지원
마감일
상시채용
근무지역
서울특별시 용산구 이태원로17길 23-13
글로우서울(GlowSeoul)
건설
팔로우"
합격보상금 100만원,https://www.wanted.co.kr/wd/340624,"• 조경 시공 실무 경력 5년 이상 (과장/차장급 역량 보유자)
• 단, 연차보다 프로젝트를 끝까지 책임져 본 '완결 경험'을 중시합니다.
• 현장 소장 또는 공무 책임자 경험 보유자
• 설계 도서(CAD)의 완벽한 이해 및 샵 드로잉(Shop Drawing) 검토 가능자
• 변수가 많은 현장에서 유연하고 즉각적인 문제 해결이 가능하신 분
• 지방 현장 근무 및 출장에 결격 사유가 없는 분
• 포트폴리오 첨부(필수) : 본인 기여도 명확히 표기
상세 정보 더 보기
기술 스택 • 툴
CAD
태그
보너스
자유로운휴가
식대지원
51~300명
설립4~9년
인원 급성장
연봉상위11~20%
커피·스낵바
편의시설
워크샵
적극 채용 중
누적투자100억이상
대규모 채용 중
건강검진지원
마감일
상시채용
근무지역
서울특별시 용산구 이태원로17길 23-13
글로우서울(GlowSeoul)
건설
팔로우"
합격보상금 20만원,https://www.wanted.co.kr/wd/341597,"• 전문학사 이상 (전기, 전자, 기계 등 관련 전공자)
• 관련 실무 경력 1년 이상 또는 현장 경력자
• 제품 수리/테스트 등 디바이스 구조 이해 및 작업 가능자
• A/S 대응 및 검수 업무를 사무실에서 수행 가능한 분
• 운전면허 소지자 우대 (간헐적 재고 이동 시 활용)
고용조건
• 계약직 1년
기대 성과 및 업무 현황에 따라 계약 연장 및 정규직 전환 가능
상세 정보 더 보기
태그
커피·스낵바
50명이하
설립3년이하
인원 급성장
유급휴가
뷰티산업
마감일
2026.03.09
근무지역
백제고분로9길 14 (잠실동 199)
더그로스
판매, 유통
팔로우"
합격보상금 100만원,https://www.wanted.co.kr/wd/341339,"• * 포트폴리오를 PDF와 URL 로 제출해주세요.
(포트폴리오는 각 프로젝트 별 본인의 기여도와 함께 작성 후 PDF 형식으로 제출해주세요)
• 로봇 공학, 기계 공학 관련 학사 이상
• Solidworks, Auto Cad 능숙하신 분
• 해당 업무 경력 7년 이상자
상세 정보 더 보기
태그
자기계발지원
커피·스낵바
식대지원
유망산업
보너스
건강검진지원
50명이하
설립4~9년
리프레시휴가
장비지원
스톡옵션
연봉 업계평균이상
인원 급성장
누적투자100억이상
유리한 지원 경쟁률
마감일
상시채용
근무지역
경북 포항시 남구 시청로 18, 3~5층
폴라리스쓰리디(Polaris3D)
제조
팔로우"
합격보상금 100만원,https://www.wanted.co.kr/wd/340532,"• 대졸이상(4년제)
• 회로설계 및 PCB 설계 실무 경험자
• 임베디드 보드 설계 경력
• 기구/FW 설계 기반 하드웨어 디버깅
• 문서작성 역량
상세 정보 더 보기
태그
유망산업
커피·스낵바
육아휴직
보너스
50명이하
설립3년이하
인원 급성장
연봉 업계평균이상
식대지원
유연근무
유리한 지원 경쟁률
마감일
상시채용
근무지역
서울특별시 동작구
휴로틱스
제조
팔로우"
합격보상금 100만원,https://www.wanted.co.kr/wd/338993,"[하드웨어]
. MCU 하드웨어 설계 5년 이상 또는 준하는 학위 소지자
. 전자/전기/제어 관련 학과 석사 이상
. STM32F4/F7, TI/Analog Device DSP 칩 기반 설계 경험
. 기술관련 문서를 이해하고 이를 바탕으로 회로 설계
. 구성원들과 협업(의사소통)을 통한 기술적 문제 해결 능력

[펌웨어]
. MCU/Embedded 펌웨어 설계 5년 이상 또는 준하는 학위 소지자
. 전자/제어/컴퓨터 관련 학과 석사 이상
. STM32F4/F7, TI/Analog Device DSP 칩 기반 펌웨어 개발 경험
. 기술 관련 문서를 이해하고 이를 바탕으로 주변장치 인터페이스 구현 능력
. 구성원들과 협업(의사소통)을 통한 기술적 문제 해결 능력
. Git을 통한 프로젝트 협업 개발 능력
상세 정보 더 보기
태그
50명이하
연봉상위2~5%
보너스
유망산업
식대지원
장비지원
커피·스낵바
건강검진지원
설립3년이하
인원 급성장
스톡옵션
육아휴직
AI 선도 기업
누적투자100억이상
유리한 지원 경쟁률
마감일
2026.03.31
근무지역
서초구 사임당로 171 (EWR빌딩), 11층
알지에이아이엔씨(RGA Inc.)
전문, 과학기술
팔로우"
합격보상금 100만원,https://www.wanted.co.kr/wd/338715,"• 10년 이상의 기계 설계 업무 경력
• 2D & 3D CAD 전문가급 활용 능력 (AutoCAD, CATIA, SOLIDWORKS, etc.)
• 긍정적인 마인드 소유자
• 원활한 의사소통 능력
상세 정보 더 보기
기술 스택 • 툴
CAD
태그
식대지원
커피·스낵바
보너스
출산휴가
50명이하
설립4~9년
퇴사율6~10%
자기계발지원
인원 급성장
건강검진지원
연봉상위6~10%
외국인 지원 가능
유리한 지원 경쟁률
마감일
상시채용
근무지역
인천광역시 연수구 송도과학로 32 송도테크노파크IT센터 M동1101호, 1601호
알티올
IT, 컨텐츠
팔로우"
합격보상금 100만원,https://www.wanted.co.kr/wd/338441,"• 학력: 물리학, 광공학, 의공학 석사 이상 또는 이에 준하는 실무 경력 보유자
• 경력: 무관 (단, 광학 시스템의 설계-제작-평가-개선까지의 Full Cycle을 주도적으로 경험한 분)
• 필수 기술 역량:
(1) Zemax(OpticStudio), Code V, LightTools 등을 활용하여 소형 광학계 구성 및 시스템 설계와 이를 실제 제작/양산까지 연계해 본 경험
(2) 영어 커뮤니케이션: 기술적 논리나 실험 결과를 영어로 발표하고, 해외 엔지니어와 심도 있는 기술 토의가 가능한 분 (필수)
상세 정보 더 보기
태그
커피·스낵바
보너스
50명이하
설립3년이하
유연근무
외국인 지원 가능
마감일
상시채용
근무지역
서울 강서구 마곡중앙로 111, 101동 401호
아폴론
전문, 과학기술
팔로우"
합격보상금 100만원,https://www.wanted.co.kr/wd/336815,"1. 기술연구소
• 학력 : 4년제 대학교 졸업 이상
• 해당 분야 전공자
• 설계 S/W 가능자
상세 정보 더 보기
태그
IBK창공 투자기업
식대지원
마감일
상시채용
근무지역
전남 장성군 남면 나노산단로 108, 2층
코리아모빌리티
제조
팔로우"
합격보상금 100만원,https://www.wanted.co.kr/wd/250105,"• 13년 이상 경력 보유자 (차장~부장급)
• 대졸 이상
• 하드웨어 설계 및 개발 경력자
• 서보모터 경험이 풍부한 자
• 이더캣을 통한 모터 제어를 경험해본 자
• 커뮤니케이션 능력이 뛰어난 자
상세 정보 더 보기
태그
식대지원
건강검진지원
커피·스낵바
사내동호회
51~300명
설립10년이상
인원 급성장
연봉상위11~20%
자기계발지원
복지포인트
누적투자100억이상
유망산업
마감일
상시채용
근무지역
경기 성남시 분당구 판교로700
리브스메드
제조
팔로우"
합격보상금 100만원,https://www.wanted.co.kr/wd/325610,"• 유관 경력 5년 이상 보유자
• ISO14971, IEC62366 실무 경험자
• 개발문서 작성 경험이 풍부한 자 (영어 가능자)
상세 정보 더 보기
태그
식대지원
건강검진지원
커피·스낵바
사내동호회
51~300명
설립10년이상
인원 급성장
연봉상위11~20%
자기계발지원
복지포인트
누적투자100억이상
유망산업
마감일
상시채용
근무지역
경기 성남시 분당구 판교로700
리브스메드
제조
팔로우"
합격보상금 100만원,https://www.wanted.co.kr/wd/332616,"• 유관 경력 5년 보유자 (대리~차장급)
• 기술 문서 및 개발문서 작성 경험이 풍부한 자 (영어 가능자)
• ISO14971, IEC62366 실무 경험자
상세 정보 더 보기
태그
식대지원
건강검진지원
커피·스낵바
사내동호회
51~300명
설립10년이상
인원 급성장
연봉상위11~20%
자기계발지원
복지포인트
누적투자100억이상
유망산업
마감일
상시채용
근무지역
경기 성남시 분당구 판교로700
리브스메드
제조
팔로우"
합격보상금 100만원,https://www.wanted.co.kr/wd/326914,"• 컴퓨터비전, 의료영상처리, 로봇공학 또는 관련 분야 석사 이상 또는 동등 경력
• AI 기반 정합 알고리즘 개발 경험 (Deep Learning Registration, PointNet 계열 등)
• 3D-3D 또는 2D-3D 정합 알고리즘 개발 경험
• 모델 기반 정합 경험 (ICP, CPD, NDT, Surface Matching 등)
• CT 데이터와 비전 데이터 간 6DoF Pose Estimation 개발 경험
• Point Cloud 처리 경험 (PCL, Open3D 등)
• Python 또는 C++ 기반 알고리즘 개발 역량
상세 정보 더 보기
태그
유망산업
커피·스낵바
복지포인트
50명이하
식대지원
건강검진지원
연봉상위6~10%
설립3년이하
인원 급성장
사내동호회
AI 선도 기업
누적투자100억이상
유연근무
마감일
상시채용
근무지역
서울 강남구 역삼로25길 23, 3층, 4층
코넥티브
전문, 과학기술
팔로우"
합격보상금 100만원,https://www.wanted.co.kr/wd/332753,"• 학력 : 고졸이상(설계, 기계과 졸업자 우대)
• 경력 : 경력(관련 실무 3년이상)
• 현장 설치 및 출장 가능자
• 멀티 프로젝터 또는 영상 시스템 설치·운영 경험자
• Windows, GPU, 네트워크 환경 트러블슈팅 가능자
• Windows 기반 PC, 네트워크(IP) 기본 이해
상세 정보 더 보기
태그
자율복장
해외연수
출산휴가
보너스
육아휴직
IBK창공 투자기업
마감일
2026.04.05
근무지역
서울 금천구 디지털로 178, 가산퍼블릭 B동 801호
라이트하우스
전문, 과학기술
팔로우"
합격보상금 100만원,https://www.wanted.co.kr/wd/327331,"• 전기/전자/제어/로봇 공학 분야 학위를 보유하시거나 회로설계 및 아트웍 프로젝트를 해보신 분
• 로봇에서의 딥러닝/비전/멀티미디어 가속기/ AI chip 에 대한 경력을 쌓고자 하는 의지가 강한 분
상세 정보 더 보기
태그
자기계발지원
커피·스낵바
식대지원
유망산업
보너스
건강검진지원
50명이하
설립4~9년
리프레시휴가
장비지원
스톡옵션
연봉 업계평균이상
인원 급성장
누적투자100억이상
유연근무
마감일
상시채용
근무지역
경북 포항시 남구 시청로 18, 3~5층
폴라리스쓰리디(Polaris3D)
제조
팔로우"
합격보상금 100만원,https://www.wanted.co.kr/wd/323932,"• 학력 : 초대졸 이상 (2, 3년)
• 경력 : 5년 이상 (대리, 과장급)
• 자동차부품 개발 유경험자
• 국내외출장 가능자
• 영어가능자 (Speaking/Listening/Writing)
상세 정보 더 보기
마감일
상시채용
근무지역
경기 화성시 장안면 버들로 880, (주)GSC
지에스씨
제조
팔로우"
합격보상금 100만원,https://www.wanted.co.kr/wd/315201,"* 기구설계 경력 5년 이상인 분
* 포트폴리오를 PDF와 URL 로 제출해주세요.
(포트폴리오는 각 프로젝트 별 본인의 기여도와 함께 작성 후 PDF 형식으로 제출해주세요)
• 로봇 공학, 기계 공학 관련 학사 이상
• Solidworks, AutoCad 사용 경험이 있으신 분
• 사출/다이캐스팅 제품설계 경력자 혹은 이해도가 있으신 분
• 운전에 능숙하신 분
• 근무지 : 포항
• 시용기간: 3개월
상세 정보 더 보기
태그
자기계발지원
커피·스낵바
식대지원
유망산업
보너스
건강검진지원
50명이하
설립4~9년
리프레시휴가
장비지원
스톡옵션
연봉 업계평균이상
인원 급성장
누적투자100억이상
유연근무
마감일
상시채용
근무지역
경북 포항시 남구 시청로 18, 3~5층
폴라리스쓰리디(Polaris3D)
제조
팔로우"